{"cameraMode":{"drawMode":0,"name":"Shaded","section":"Shading Mode"},"sceneLighting":true,"audioPlay":false,"sceneViewState":{"showFog":true,"showMaterialUpdate":false,"showSkybox":true,"showFlares":true,"showImageEffects":true,"showParticleSystems":true},"in2DMode":false,"pivot":{"x":197.703857421875,"y":130.1134033203125,"z":-2.522003173828125},"rotation":{"x":-0.013807469978928566,"y":-0.015901319682598115,"z":0.0002204317570431158,"w":-0.999782383441925},"size":394.52996826171877,"orthographic":false}