{"cameraMode":{"drawMode":0,"name":"Shaded","section":"Shading Mode"},"sceneLighting":false,"audioPlay":false,"sceneViewState":{"showFog":true,"showMaterialUpdate":false,"showSkybox":true,"showFlares":true,"showImageEffects":true,"showParticleSystems":true},"in2DMode":false,"pivot":{"x":-0.415049284696579,"y":0.3817242681980133,"z":5.035623073577881},"rotation":{"x":0.023686205968260766,"y":-0.012899127788841725,"z":-0.00030561888706870377,"w":-0.9996374845504761},"size":2.517836570739746,"orthographic":false}