{"cameraMode":{"drawMode":0,"name":"Shaded","section":"Shading Mode"},"sceneLighting":true,"audioPlay":false,"sceneViewState":{"showFog":true,"showMaterialUpdate":false,"showSkybox":true,"showFlares":true,"showImageEffects":true,"showParticleSystems":true},"in2DMode":false,"pivot":{"x":92.98428344726563,"y":34.126068115234378,"z":-43.478668212890628},"rotation":{"x":0.032044608145952228,"y":0.013989487662911415,"z":0.00257615908049047,"w":0.9993882179260254},"size":240.37643432617188,"orthographic":false}