{"cameraMode":{"drawMode":0,"name":"Shaded","section":"Shading Mode"},"sceneLighting":true,"audioPlay":false,"sceneViewState":{"showFog":true,"showMaterialUpdate":false,"showSkybox":true,"showFlares":true,"showImageEffects":true,"showParticleSystems":true},"in2DMode":false,"pivot":{"x":271.06744384765627,"y":120.77821350097656,"z":-1.89654541015625},"rotation":{"x":0.032044608145952228,"y":0.013989487662911415,"z":0.00257615908049047,"w":0.9993882179260254},"size":409.0437927246094,"orthographic":false}